"Player","Team","Positions","PTS","REB","AST","BLK","STL","FG%","FT%","3PM","GP","MIN","TO"
"James Harden","HOU","PG,SG","32.5","6.3","7.3","0.8","1.7",".445",".876","4.2","68","36.2","4.5"
"Luka Doncic","DAL","PG","30.1","9.3","8.8","0.3","1.2",".473",".765","3.0","68","35.1","4.0"
"Giannis Antetokounmpo","MIL","SF,PF","29.3","13.3","5.7","1.2","1.1",".558",".689","1.3","69","32.1","3.6"
"Damian Lillard","POR","PG","28.4","4.3","7.3","0.3","1.1",".454",".900","3.8","68","36.4","2.8"
"Stephen Curry","GSW","PG,SG","27.7","4.6","6.1","0.3","1.4",".466",".918","4.6","66","34.1","3.2"
"Devin Booker","PHO","PG,SG","27.1","4.2","6.3","0.2","0.7",".478",".901","2.3","69","35.6","3.6"
"Trae Young","ATL","PG","26.9","3.9","9.2","0.1","1.0",".446",".861","3.2","68","34.0","4.2"
"Bradley Beal","WAS","SG","26.5","4.1","4.9","0.4","1.2",".463",".829","2.6","66","35.5","3.0"
"Anthony Davis","LAL","PF,C","26.5","9.9","3.2","2.3","1.5",".516",".846","1.2","65","34.2","2.3"
"Zion Williamson","NOR","PF","26.3","7.9","2.4","0.7","0.9",".589",".685","0.4","62","31.9","2.7"
"Kawhi Leonard","LAC","SG,SF","26.3","7.1","4.5","0.5","1.7",".475",".865","2.2","61","33.5","2.4"
"LeBron James","LAL","PG,SG,SF,PF","25.6","8.0","9.6","0.5","1.2",".509",".691","2.2","64","34.3","3.6"
"Karl-Anthony Towns","MIN","C","25.5","11.3","3.7","1.5","0.9",".512",".813","2.9","68","33.8","3.2"
"Kevin Durant","BKN","SF,PF","25.3","6.4","4.9","1.0","0.7",".514",".876","2.0","64","33.0","3.0"
"Russell Westbrook","WAS","PG","25.3","8.5","8.7","0.4","1.6",".467",".747","0.9","64","35.2","4.3"
"Jayson Tatum","BOS","SF,PF","25.0","6.9","3.6","0.9","1.4",".453",".818","2.9","68","35.3","2.4"
"Donovan Mitchell","UTH","PG,SG","24.8","4.6","4.2","0.2","1.1",".452",".846","2.6","69","34.2","2.7"
"Zach LaVine","CHI","SG,SF","24.4","4.5","4.3","0.4","1.3",".451",".805","2.8","66","34.6","3.2"
"Joel Embiid","PHI","PF,C","24.4","11.9","3.3","1.6","0.8",".480",".804","1.2","63","31.3","3.3"
"Kyrie Irving","BKN","PG,SG","24.4","4.5","6.5","0.4","1.3",".492",".901","2.6","63","32.9","2.5"
"Paul George","LAC","SF,PF","23.4","6.2","3.8","0.4","1.6",".435",".864","3.6","66","33.6","2.7"
"Brandon Ingram","NOR","SF,PF","23.4","5.7","3.8","0.6","0.9",".472",".813","2.3","67","33.8","2.9"
"Pascal Siakam","TOR","PF","22.9","7.8","3.4","0.9","1.1",".466",".771","2.1","68","36.0","2.4"
"Shai Gilgeous-Alexander","OKC","SG,SF,PG","22.6","5.6","5.4","0.7","1.2",".466",".815","1.7","68","35.1","2.5"
"D'Angelo Russell","MIN","PG,SG","21.9","3.8","6.5","0.3","1.2",".434",".814","3.3","65","32.3","3.2"
"De'Aaron Fox","SAC","PG","21.7","4.0","7.3","0.5","1.6",".486",".726","1.1","67","33.3","3.1"
"CJ McCollum","POR","PG,SG","21.4","4.1","3.8","0.5","0.8",".455",".779","2.7","68","35.6","1.8"
"DeMar DeRozan","SAS","SG,SF","21.4","5.4","5.5","0.3","1.1",".508",".837","0.1","68","34.2","2.4"
"Kristaps Porzingis","DAL","PF,C ","21.4","9.6","1.7","2.0","0.7",".435",".801","2.5","56","32.2","1.7"
"Nikola Jokic","DEN","PF,C","21.2","10.2","7.2","0.7","1.3",".521",".819","1.3","69","33.1","3.2"
"Jamal Murray","DEN","PG,SG","21.1","4.2","5.0","0.3","1.1",".459",".879","2.3","68","33.9","2.4"
"Khris Middleton","MIL","SG,SF","21.0","5.8","4.2","0.1","1.0",".476",".893","2.5","67","32.1","2.2"
"Ja Morant","MEM","PG","20.8","4.2","8.0","0.3","1.0",".477",".788","1.2","68","33.6","3.6"
"Jaylen Brown","BOS","SG,SF","20.5","6.2","2.0","0.4","1.1",".482",".727","2.2","67","34.2","2.2"
"Collin Sexton","CLE","PG,SG","20.3","3.2","3.2","0.1","0.9",".467",".845","1.6","69","33.9","2.5"
"Tobias Harris","PHI","SF,PF","20.1","6.8","3.0","0.5","0.7",".478",".817","2.0","69","34.5","1.7"
"Jimmy Butler","MIA","SG,SF","20.0","6.1","5.5","0.5","1.7",".467",".838","0.9","66","34.3","2.1"
"Gordon Hayward","CHA","SG,SF ","20.0","5.7","4.4","0.3","0.8",".476",".851","1.8","62","34.0","2.2"
"Nikola Vucevic","ORL","PF,C","19.8","10.7","3.6","0.9","0.9",".492",".788","1.5","66","31.6","1.7"
"TJ Warren","IND","SF,PF ","19.5","4.3","1.6","0.6","1.2",".499",".806","1.5","64","33.4","1.2"
"Blake Griffin","DET","PF,C","19.5","6.9","4.3","0.4","0.6",".447",".767","1.9","57","32.5","2.7"
"Kemba Walker","BOS","PG ","19.2","4.1","4.4","0.4","0.9",".431",".858","2.8","53","30.8","2.1"
"Bojan Bogdanovic","UTH","SF,PF","18.9","4.0","2.0","0.1","0.6",".461",".881","2.7","66","32.4","2.1"
"Deandre Ayton","PHO","C","18.9","10.8","1.8","1.3","0.7",".571",".745","0.1","66","32.4","2.0"
"LaMarcus Aldridge","SAS","PF,C","18.8","7.5","2.2","1.4","0.6",".501",".824","0.9","64","32.1","1.5"
"John Collins","ATL","PF,C","18.6","8.8","1.6","1.1","0.6",".575",".785","1.2","65","30.7","1.8"
"Julius Randle","NYK","PF,C","18.6","9.0","2.9","0.3","0.8",".480",".736","0.9","67","31.3","2.8"
"Jrue Holiday","MIL","PG,SG","18.3","4.7","6.1","0.7","1.5",".469",".728","1.9","66","33.7","2.8"
"Buddy Hield","SAC","SG","18.2","4.2","2.7","0.2","0.8",".444",".841","3.4","70","30.0","2.0"
"Andrew Wiggins","GSW","SG,SF","18.1","4.4","3.2","0.8","0.8",".445",".724","1.7","68","33.6","2.1"
"Kelly Oubre Jr.","GSW","SF,PF","18.0","5.7","1.5","0.8","1.2",".449",".773","2.0","66","32.5","1.4"
"John Wall","HOU","PG","17.8","3.6","7.6","0.7","1.3",".433",".725","1.7","61","31.8","3.6"
"Domantas Sabonis","IND","PF,C","17.8","11.9","4.5","0.5","0.7",".544",".725","0.4","66","33.6","2.6"
"Jaren Jackson Jr.","MEM","PF,C","17.8","5.0","1.4","1.6","0.8",".483",".736","2.4","56","29.5","1.8"
"Victor Oladipo","IND","PG,SG","17.6","4.9","4.2","0.3","1.4",".426",".793","2.0","63","31.5","2.6"
"Mike Conley","UTH","PG","17.6","3.3","5.4","0.2","1.0",".432",".836","2.3","63","31.7","2.0"
"Christian Wood","HOU","PF,C","17.5","8.2","1.2","1.2","0.7",".536",".751","1.3","67","29.6","1.7"
"RJ Barrett","NYK","SG,SF","17.4","5.3","3.1","0.3","1.0",".426",".650","1.4","68","32.7","2.5"
"Ben Simmons","PHI","PG","17.4","8.3","8.3","0.7","1.9",".579",".616","0.0","66","35.1","3.3"
"Coby White","CHI","PG","17.3","4.0","3.6","0.1","0.9",".413",".805","2.7","68","31.6","2.1"
"Kyle Lowry","TOR","PG","17.2","4.9","7.4","0.4","1.4",".413",".841","2.7","64","34.6","2.9"
"Evan Fournier","ORL","SG,SF","17.1","2.8","3.2","0.2","1.0",".450",".813","2.4","67","31.3","1.9"
"Chris Paul","PHO","PG","17.0","4.7","7.2","0.2","1.6",".475",".900","1.8","64","30.8","2.4"
"Lou Williams","LAC","PG,SG","17.0","2.8","5.0","0.2","0.7",".426",".869","1.6","67","27.0","2.4"
"Lauri Markkanen","CHI","PF","17.0","7.4","1.5","0.5","0.8",".431",".848","2.4","62","32.2","1.6"
"Danilo Gallinari","ATL","SF,PF","16.8","5.2","2.0","0.2","0.7",".446",".897","2.5","63","28.4","1.3"
"Derrick Rose","DET","PG,SG","16.8","2.6","4.9","0.3","0.8",".483",".856","0.9","62","26.2","2.3"
"Fred VanVleet","TOR","PG,SG","16.7","3.6","6.1","0.3","1.6",".403",".842","2.6","67","33.9","2.1"
"Bam Adebayo","MIA","PF,C","16.7","10.0","4.8","1.3","1.1",".568",".726","0.0","69","33.1","2.6"
"Jusuf Nurkic","POR","C","16.6","9.9","3.4","1.6","1.0",".504",".778","0.2","64","30.8","2.3"
"Kevin Love","CLE","PF,C","16.6","9.1","2.7","0.3","0.5",".449",".858","2.5","61","30.3","2.3"
"Malcolm Brogdon","IND","PG,SG","16.5","4.5","6.5","0.2","0.7",".459",".889","1.5","64","32.3","2.2"
"Andre Drummond","CLE","PF,C","16.2","13.4","2.0","1.4","1.5",".541",".580","0.2","69","30.7","3.1"
"Michael Porter Jr.","DEN","SF,PF","16.0","6.5","1.3","0.6","0.8",".490",".830","2.1","66","27.3","1.6"
"Caris LeVert","BKN","SG,SF","16.0","3.9","4.0","0.3","1.1",".429",".713","1.5","63","29.3","2.2"
"Montrezl Harrell","LAL","PF,C","15.9","6.4","1.6","1.2","0.7",".611",".654","0.0","68","25.9","1.6"
"Goran Dragic","MIA","PG,SG","15.8","3.2","4.9","0.2","0.7",".441",".785","1.9","59","28.5","2.3"
"Tim Hardaway Jr.","DAL","SG,SF","15.8","3.3","2.0","0.1","0.6",".431",".824","2.7","66","29.6","1.2"
"Dillon Brooks","MEM","SG,SF","15.7","3.4","2.2","0.4","0.9",".411",".806","1.9","69","28.9","1.7"
"Tyler Herro","MIA","SG,SF","15.6","4.5","2.8","0.2","0.7",".431",".853","2.5","67","30.4","1.7"
"Dennis Schroder","LAL","PG","15.6","3.2","4.3","0.2","0.7",".451",".833","1.6","68","29.3","2.2"
"Marvin Bagley III","SAC","PF,C","15.6","7.9","1.0","0.9","0.6",".493",".748","0.5","62","27.6","1.5"
"Eric Gordon","HOU","SG,SF","15.5","2.5","1.8","0.4","0.6",".401",".807","3.0","62","30.6","1.4"
"JJ Redick","NOR","SG","15.4","2.5","2.1","0.2","0.4",".454",".896","2.9","64","27.5","1.2"
"Eric Bledsoe","NOR","PG,SG","15.4","4.5","5.3","0.4","1.2",".488",".780","1.2","65","28.7","2.5"
"Aaron Gordon","ORL","SF,PF","15.3","7.6","3.6","0.6","0.8",".443",".700","1.4","67","32.9","1.7"
"Jonas Valanciunas","MEM","C","15.0","10.5","1.7","1.1","0.4",".575",".752","0.5","67","26.5","1.7"
"Spencer Dinwiddie","BKN","PG,SG","14.9","2.7","4.8","0.2","0.5",".439",".797","1.6","67","26.1","2.1"
"Josh Richardson","DAL","SG,SF","14.9","3.2","3.0","0.6","1.0",".429",".828","2.0","67","32.3","1.7"
"Rudy Gobert","UTH","C","14.9","12.8","1.6","2.0","0.7",".684",".624","0.0","68","33.1","1.8"
"Devonte' Graham","CHA","PG,SG","14.8","2.9","5.9","0.2","0.9",".388",".821","2.8","69","30.3","2.2"
"Harrison Barnes","SAC","SF,PF","14.6","4.5","2.0","0.2","0.6",".455",".808","1.5","70","33.0","1.1"
"Terrence Ross","ORL","SG,SF","14.6","3.3","1.3","0.3","1.0",".409",".854","2.6","68","27.5","1.0"
"Anthony Edwards","MIN","SG","14.4","4.1","2.5","0.4","1.2",".414",".767","1.6","66","29.7","2.0"
"Malik Beasley","MIN","PG,SG","14.4","3.1","1.7","0.2","1.0",".441",".808","2.7","67","28.1","1.2"
"Bogdan Bogdanovic","ATL","SG,SF,PF","14.4","3.2","3.3","0.2","1.0",".437",".779","2.2","66","28.5","1.7"
"Jordan Clarkson","UTH","PG,SG","14.3","2.6","2.1","0.2","0.6",".450",".845","1.9","68","24.0","1.4"
"Jerami Grant","DET","SF,PF","14.1","4.6","1.3","1.0","0.8",".481",".730","1.6","70","31.7","0.9"
"Darius Garland","CLE","PG","14.0","2.1","4.1","0.1","0.8",".416",".870","2.0","68","31.7","2.6"
"Serge Ibaka","LAC","PF,C","14.0","7.8","1.3","1.0","0.4",".507",".740","1.1","65","27.1","1.7"
"Rui Hachimura","WAS","SF,PF ","13.8","6.4","1.8","0.2","0.9",".478",".833","0.6","67","31.8","1.2"
"Davis Bertans","WAS","PF,C","13.6","4.2","1.7","0.6","0.7",".433",".836","3.2","65","28.5","1.1"
"Thomas Bryant","WAS","C","13.5","7.6","1.7","1.1","0.5",".601",".728","0.7","63","27.5","1.2"
"PJ Washington","CHA","SF,PF","13.5","5.7","2.2","0.9","0.9",".466",".679","1.7","68","31.9","1.7"
"Markelle Fultz","ORL","PG,SG","13.5","3.5","5.5","0.2","1.4",".459",".753","0.7","68","30.9","2.1"
"Joe Harris","BKN","SG,SF","13.4","3.9","2.1","0.2","0.5",".494",".773","2.4","68","29.9","1.5"
"LaMelo Ball","CHA","PG,SG","13.4","5.1","6.6","0.2","1.3",".396",".725","1.6","67","30.5","3.0"
"Otto Porter Jr.","CHI","SF,PF","13.4","4.5","2.0","0.5","1.4",".467",".794","1.9","59","28.7","1.1"
"Norman Powell","TOR","SG,SF","13.2","3.3","1.7","0.3","1.0",".481",".839","1.8","63","25.7","1.3"
"Seth Curry","PHI","PG,SG","13.2","2.3","2.2","0.2","0.7",".494",".828","2.4","67","26.6","1.2"
"Clint Capela","ATL","PF,C","13.0","10.6","1.3","1.5","0.7",".620",".559","0.0","65","29.6","1.4"
"Duncan Robinson","MIA","SG,SF","13.0","3.1","1.4","0.2","0.5",".466",".909","3.6","69","29.2","0.9"
"Brandon Clarke","MEM","PF,C","13.0","6.3","1.5","1.0","0.6",".615",".770","0.4","67","23.8","1.1"
"Myles Turner","IND","PF,C","12.7","6.8","1.3","2.2","0.8",".470",".756","1.4","66","29.7","1.3"
"Kendrick Nunn","MIA","PG,SG","12.7","2.9","2.8","0.2","0.7",".440",".862","1.7","67","24.4","1.4"
"Terry Rozier","CHA","PG,SG","12.7","3.4","3.0","0.2","0.8",".413",".843","2.0","68","25.5","1.6"
"Obi Toppin","NYK","SF,PF","12.7","5.9","1.4","0.8","0.7",".507",".713","0.8","68","26.8","1.6"
"Cole Anthony","ORL","PG","12.6","2.4","3.4","0.1","0.9",".418",".775","2.1","60","26.3","2.2"
"Marcus Morris","LAC","SF,PF,C ","12.6","4.5","1.2","0.3","0.6",".442",".848","1.8","67","26.6","1.2"
"Al Horford","OKC","PF,C","12.5","6.9","3.8","0.9","0.7",".467",".813","1.3","66","29.4","1.4"
"Derrick White","SAS","PG,SG","12.5","3.6","4.1","0.9","0.9",".466",".846","1.2","60","28.4","1.5"
"Alec Burks","NYK","PG,SG,SF","12.5","4.1","2.5","0.3","0.8",".409",".880","1.5","65","25.6","1.3"
"Kevin Knox","NYK","SF,PF","12.4","4.4","1.3","0.5","0.5",".406",".705","1.6","67","28.4","1.3"
"Robert Covington","POR","PF,C,SF","12.4","6.5","1.3","1.2","1.5",".431",".792","2.3","67","31.6","1.4"
"Isaiah Thomas","WAS","PG","12.2","1.7","3.6","0.1","0.4",".397",".812","1.8","53","22.8","2.0"
"Kevin Porter Jr.","CLE","SG","12.2","3.5","2.6","0.3","1.0",".451",".753","1.4","64","26.6","2.2"
"DeMarcus Cousins","HOU","PF,C","12.2","5.9","2.7","1.2","1.1",".462",".731","0.9","51","24.2","2.4"
"Marcus Smart","BOS","PG,SG","12.1","3.7","4.4","0.5","1.6",".385",".818","2.2","67","31.8","1.8"
"Steven Adams","NOR","C","12.0","9.4","2.1","1.1","1.0",".601",".566","0.1","70","29.2","1.7"
"Brook Lopez","MIL","C","12.0","4.6","1.4","2.1","0.6",".444",".831","1.8","67","27.8","1.0"
"Will Barton","DEN","SG,SF","12.0","4.9","3.0","0.4","0.8",".440",".775","1.5","65","27.3","1.4"
"Wendell Carter Jr.","CHI","C","12.0","9.0","1.5","1.1","0.8",".517",".763","0.2","65","30.6","1.6"
"Lonzo Ball","NOR","PG","11.9","6.3","6.9","0.6","1.5",".413",".571","2.3","67","32.3","2.8"
"Malik Monk","CHA","PG,SG","11.9","3.2","2.4","0.3","0.5",".424",".827","1.4","63","24.6","1.6"
"Kyle Kuzma","LAL","SF,PF","11.9","4.0","1.4","0.4","0.4",".455",".747","1.2","67","23.7","1.3"
"Killian Hayes","DET","PG,SG","11.9","3.0","4.9","0.2","1.2",".428",".836","1.2","66","27.5","2.5"
"Aaron Nesmith","BOS","SG,SF","11.9","2.9","2.1","0.4","0.7",".442",".889","2.6","66","24.2","1.4"
"Cedi Osman","CLE","SF,PF","11.9","4.0","2.5","0.2","0.8",".438",".719","1.8","67","31.4","1.5"
"Dejounte Murray","SAS","PG,SG","11.9","5.6","4.4","0.3","1.8",".465",".806","0.6","67","27.6","2.1"
"Miles Bridges","CHA","SF,PF","11.8","5.0","1.7","0.7","0.7",".445",".797","1.3","70","28.6","1.3"
"Trey Burke","DAL","PG","11.6","2.0","3.5","0.1","0.6",".451",".784","1.1","63","21.7","0.9"
"Ricky Rubio","MIN","PG","11.4","3.8","6.7","0.2","1.4",".409",".856","1.1","66","28.2","2.4"
"Darius Bazley","OKC","SF,PF","11.4","6.2","1.3","1.1","0.7",".420",".707","1.6","66","27.6","1.3"
"Jarrett Culver","MIN","PG,SG,SF","11.3","3.8","1.9","0.7","1.0",".435",".646","1.3","66","26.7","1.4"
"Paul Millsap","DEN","PF,C","11.2","5.8","1.7","0.6","0.9",".482",".796","0.9","63","24.7","1.4"
"Luke Kennard","LAC","SG,SF","11.2","3.1","2.6","0.2","0.5",".452",".850","1.9","63","26.1","1.2"
"Jeremy Lamb","IND","SG,SF ","11.1","4.4","1.9","0.4","1.1",".454",".860","1.1","56","24.5","1.0"
"Eric Paschall","GSW","SF,PF","11.1","3.4","1.6","0.2","0.4",".542",".783","0.6","68","21.9","1.1"
"Gary Harris","DEN","SG,SF","11.0","2.9","2.1","0.3","1.2",".426",".803","1.3","65","30.3","1.3"
"Aron Baynes","TOR","C","11.0","6.6","1.6","0.7","0.3",".477",".760","1.2","63","25.3","1.3"
"Kira Lewis","NOR","PG","10.9","2.6","4.1","0.1","0.9",".423",".779","1.0","63","20.3","2.2"
"Hassan Whiteside","SAC","PF,C","10.9","9.3","0.8","1.8","0.4",".593",".625","0.0","64","22.4","1.2"
"Carmelo Anthony","POR","SF,PF","10.9","5.0","1.2","0.3","0.5",".445",".842","1.1","66","23.7","1.1"
"Jae Crowder","PHO","SF,PF","10.8","5.3","1.9","0.3","1.0",".404",".764","2.0","67","28.3","1.0"
"Reggie Jackson","LAC","PG,SG","10.8","2.0","3.2","0.1","0.4",".425",".857","1.6","63","20.3","1.3"
"Nickeil Alexander-Walker","NOR","SG","10.8","3.5","3.2","0.3","0.5",".410",".714","1.9","61","21.6","1.7"
"Cameron Johnson","PHO","SG,SF","10.7","3.8","1.3","0.4","0.7",".450",".813","2.2","66","25.9","0.8"
"Naz Reid","MIN","C","10.7","4.7","1.3","0.8","0.7",".438",".720","1.2","63","19.6","0.8"
"Deni Avdija","WAS","SG,SF","10.7","3.6","1.8","0.5","0.7",".460",".770","1.2","67","24.0","1.2"
"Rudy Gay","SAS","SF,PF","10.7","5.2","1.7","0.5","0.6",".470",".839","0.9","66","21.8","1.3"
"Allonzo Trier","NYK","SG,PG","10.6","2.7","1.8","0.2","0.4",".458",".804","0.9","55","21.5","1.7"
"Luguentz Dort","OKC","SG","10.6","2.6","1.0","0.2","0.9",".398",".772","1.4","67","28.3","0.9"
"Richaun Holmes","SAC","PF,C","10.6","7.1","0.9","1.1","0.7",".637",".769","0.0","67","23.6","1.0"
"Donte DiVincenzo","MIL","PG,SG","10.5","5.0","2.6","0.3","1.4",".445",".746","1.6","67","26.8","1.5"
"OG Anunoby","TOR","SF,PF","10.5","4.8","1.5","0.6","1.3",".472",".673","1.5","69","29.0","1.2"
"James Wiseman","GSW","C","10.4","6.7","1.1","1.6","0.6",".524",".709","0.0","66","26.8","1.3"
"Glenn Robinson III","SAC","SG,SF","10.3","3.7","1.4","0.2","0.8",".483",".843","1.1","62","25.7","0.8"
"Cody Zeller","CHA","PF,C","10.3","6.4","1.6","0.6","0.7",".530",".691","0.3","63","23.7","1.3"
"Markieff Morris","LAL","PF,C","10.2","4.4","1.5","0.4","0.6",".447",".789","1.4","64","22.6","1.3"
"Jarrett Allen","BKN","PF,C","10.2","8.5","1.4","1.3","0.5",".643",".675","0.0","68","25.5","1.1"
"Taurean Prince","BKN","SF,PF","10.2","4.5","1.7","0.3","0.8",".435",".810","1.8","68","24.2","1.7"
"Anfernee Simons","POR","PG,SG","10.2","2.5","1.7","0.2","0.4",".421",".794","1.3","65","23.7","1.1"
"Ivica Zubac","LAC","C","10.1","8.5","1.3","1.0","0.3",".586",".759","0.0","68","23.8","1.1"
"Jordan McRae","DET","PG,SG","10.1","2.7","2.1","0.4","0.6",".423",".770","1.0","55","18.5","1.0"
"Tyrese Haliburton","SAC","PG,SG","10.1","3.6","3.9","0.3","1.2",".452",".812","1.2","67","25.3","1.9"
"Elfrid Payton","NYK","PG","9.9","4.5","6.7","0.4","1.4",".444",".657","0.5","64","29.1","2.3"
"Jabari Parker","SAC","SF,PF","9.9","4.3","1.4","0.3","0.7",".507",".731","0.6","58","18.0","1.3"
"Dion Waiters","LAL","SG,SF","9.9","2.2","2.3","0.2","0.5",".409",".604","1.9","52","20.9","1.3"
"James Johnson","DAL","SF,PF,C","9.9","4.3","3.1","0.9","0.9",".470",".685","1.1","57","24.7","1.8"
"J.J. Barea","DAL","PG,SG","9.9","2.4","5.1","0.1","0.4",".423",".784","1.3","50","19.0","1.7"
"Cam Reddish","ATL","SG,SF","9.8","3.3","1.3","0.5","0.9",".411",".810","1.3","67","23.5","1.5"
"Moritz Wagner","WAS","PF,C","9.8","5.2","1.4","0.5","0.7",".532",".817","0.8","61","20.5","1.6"
"Mitchell Robinson","NYK","C","9.8","7.3","0.6","2.1","0.9",".717",".576","0.0","68","24.4","0.7"
"Devin Vassell","SAS","SG","9.7","3.2","1.6","0.5","0.7",".468",".750","1.4","67","21.1","1.0"
"Svi Mykhailiuk","DET","SG,SF","9.7","2.1","2.0","0.1","0.7",".417",".741","2.2","62","24.0","1.2"
"Kentavious Caldwell-Pope","LAL","PG,SG,SF","9.7","2.5","1.5","0.2","0.9",".450",".803","1.6","69","25.6","0.8"
"Mikal Bridges","PHO","SG,SF","9.7","3.9","1.9","0.6","1.5",".477",".857","1.3","69","30.8","1.1"
"Isaac Okoro","CLE","SF","9.7","4.3","1.8","0.5","0.8",".455",".726","1.1","68","26.6","1.1"
"Bobby Portis","MIL","PF,C","9.7","5.6","1.2","0.3","0.5",".460",".771","1.0","65","19.4","1.0"
"Shabazz Napier","WAS","PG,SG","9.7","2.4","3.6","0.2","1.1",".404",".821","1.3","65","21.4","1.7"
"De'Andre Hunter","ATL","SF","9.7","4.0","1.4","0.3","0.6",".436",".791","1.4","69","25.6","1.3"
"Kevin Huerter","ATL","SG,SF","9.7","3.3","2.8","0.4","0.7",".424",".800","1.8","66","25.3","1.3"
"Delon Wright","DET","PG,SG,SF","9.6","4.3","3.7","0.4","1.4",".456",".779","0.8","66","26.5","1.2"
"DeMarre Carroll","HOU","SF,PF","9.6","4.7","1.3","0.2","0.5",".401",".744","1.4","54","22.6","1.1"
"Larry Nance Jr.","CLE","PF,C","9.5","6.9","2.4","0.5","1.1",".527",".691","0.8","64","26.1","1.2"
"Mason Plumlee","DET","PF,C","9.5","7.3","3.1","1.0","0.8",".595",".548","0.0","66","23.9","1.6"
"Patty Mills","SAS","PG","9.5","1.5","1.8","0.1","0.6",".425",".870","1.8","66","19.9","0.8"
"Justise Winslow","MEM","PF,SF","9.4","4.6","2.9","0.3","0.8",".438",".654","0.9","58","23.3","1.4"
"Rodney Hood","POR","SG,SF","9.4","2.6","1.4","0.2","0.7",".468",".855","1.2","49","23.9","0.8"
"E'Twaun Moore","PHO","PG,SG,SF","9.4","2.3","1.6","0.2","0.6",".463",".703","1.2","63","21.8","0.9"
"Daniel Theis","BOS","PF,C","9.4","6.6","1.5","1.2","0.6",".554",".764","0.5","68","24.4","1.0"
"Dwight Powell","DAL","PF,C","9.3","5.9","1.5","0.6","0.8",".623",".708","0.3","65","24.7","0.9"
"Bryn Forbes","MIL","PG,SG","9.3","1.8","1.4","0.0","0.4",".425",".824","2.0","65","20.9","0.8"
"Josh Green","DAL","SG,SF","9.2","3.7","0.9","0.4","1.0",".434",".783","1.6","64","21.7","1.4"
"Gary Trent Jr.","POR","SG","9.2","2.0","1.1","0.3","0.9",".434",".778","1.9","66","24.0","0.7"
"Dewayne Dedmon","DET","C","9.2","7.4","1.1","1.1","0.9",".463",".814","0.9","61","23.9","1.4"
"Tyler Johnson","BKN","PG,SG","9.2","2.6","2.3","0.4","0.7",".412",".767","1.3","59","23.4","1.1"
"Dario Saric","PHO","PF,C ","9.1","5.3","1.5","0.2","0.5",".472",".836","1.2","66","21.6","1.2"
"Tristan Thompson","BOS","PF,C ","9.1","8.8","1.8","0.7","0.5",".524",".626","0.1","64","24.5","1.4"
"Draymond Green","GSW","PF,C ","9.0","6.9","6.8","0.9","1.5",".439",".738","0.9","66","31.9","2.5"
"Rondae Hollis-Jefferson","MIN","SF,PF","9.0","5.3","1.8","0.5","0.8",".451",".717","0.1","56","21.4","1.2"
"Langston Galloway","PHO","PG,SG","9.0","2.1","1.3","0.1","0.6",".422",".863","1.8","67","23.2","0.5"
"Keldon Johnson","SAS","SF","9.0","3.5","1.0","0.1","0.9",".509",".784","0.7","50","18.3","0.8"
"Joe Ingles","UTH","SG,SF","9.0","3.4","4.7","0.2","0.9",".449",".756","1.8","69","27.2","1.8"
"Josh Jackson","DET","SG,SF","8.9","3.2","1.5","0.5","0.7",".416",".658","0.7","54","18.4","1.5"
"Danuel House Jr.","HOU","SF,PF,SG","8.9","3.8","1.2","0.4","0.8",".438",".765","1.7","65","25.7","0.7"
"Doug McDermott","IND","SF,PF","8.9","2.1","1.0","0.1","0.2",".487",".826","1.5","65","19.5","0.6"
"Jeff Green","BKN","SF,PF,C","8.9","3.0","1.1","0.4","0.4",".463",".851","1.1","66","20.4","1.0"
"Ish Smith","WAS","PG","8.9","2.5","3.8","0.3","0.7",".456",".723","0.6","67","21.8","1.1"
"Patrick Williams","CHI","SF","8.8","3.7","1.5","0.5","1.0",".466",".750","1.1","67","22.9","0.9"
"Troy Brown Jr.","WAS","SG,SF","8.8","4.8","2.3","0.1","1.1",".441",".767","0.9","67","22.5","1.0"
"D.J. Augustin","MIL","PG","8.8","2.2","3.8","0.0","0.5",".453",".882","1.1","66","20.8","1.2"
"Josh Hart","NOR","SG,SF","8.8","5.1","1.5","0.4","0.9",".429",".726","1.6","66","24.2","1.1"
"Maxi Kleber","DAL","PF,C","8.7","5.2","1.1","1.1","0.4",".479",".824","1.5","69","25.0","0.8"
"Taj Gibson","NYK","PF,C","8.7","5.5","1.0","0.5","0.6",".570",".753","0.1","65","22.0","0.9"
"Shake Milton","PHI","PG,SG","8.7","2.2","2.3","0.2","0.5",".462",".787","1.3","62","20.0","1.1"
"Dennis Smith Jr.","NYK","PG,SG","8.6","2.2","3.3","0.3","0.9",".405",".617","0.8","40","20.3","1.9"
"Wayne Ellington","DET","SG,SF","8.6","2.2","1.2","0.1","0.7",".391",".813","2.3","57","21.9","0.6"
"Wesley Matthews","LAL","SG,SF","8.6","2.5","1.5","0.1","0.6",".410",".771","1.7","64","25.5","0.8"
"Thaddeus Young","CHI","SF,PF ","8.6","4.4","1.7","0.3","1.2",".474",".630","0.9","68","21.6","1.2"
"Emmanuel Mudiay","UTH","PG","8.6","2.3","2.5","0.2","0.5",".455",".764","0.7","42","17.2","1.5"
"Nemanja Bjelica","SAC","PF","8.5","5.4","1.9","0.5","0.6",".482",".771","1.4","69","22.0","0.9"
"Chris Boucher","TOR","PF,C","8.5","5.7","0.5","1.2","0.5",".468",".788","0.8","64","17.4","0.6"
"Ben McLemore","HOU","SG,SF","8.5","2.2","0.9","0.2","0.6",".442",".750","2.1","63","20.5","0.7"
"Josh Okogie","MIN","PG,SG,SF","8.5","3.9","1.5","0.4","1.2",".423",".783","0.8","68","24.8","1.3"
"Monte Morris","DEN","PG,SG","8.5","1.9","3.2","0.1","0.7",".469",".800","0.9","69","21.1","0.6"
"Terence Davis","TOR","SG","8.4","3.4","1.9","0.2","0.6",".463",".852","1.4","66","18.9","1.1"
"Avery Bradley","MIA","PG,SG,SF","8.4","2.4","1.5","0.2","0.8",".419",".857","1.2","60","24.2","1.0"
"Nicolo Melli","NOR","PF","8.4","3.7","1.5","0.5","0.7",".441",".746","1.5","64","21.0","0.9"
"George Hill","OKC","PG,SG","8.4","2.5","2.3","0.1","0.7",".469",".827","1.1","66","20.8","0.9"
"Derrick Jones Jr.","POR","SG,SF,PF","8.4","4.1","1.0","0.6","0.9",".482",".735","0.9","61","23.1","0.6"
"Brandon Knight","DET","PG,SG","8.3","1.8","2.6","0.1","0.6",".371",".661","1.7","56","21.4","1.3"
"Jeff Teague","BOS","PG,SG","8.3","1.9","4.2","0.3","0.6",".435",".854","0.6","62","19.5","1.4"
"Justin Holiday","IND","SG,SF","8.3","3.3","1.4","0.5","1.2",".418",".816","1.8","69","25.8","0.8"
"Saddiq Bey","DET","SF","8.3","3.7","1.7","0.8","0.9",".450",".773","0.9","61","24.1","1.1"
"Nicolas Batum","LAC","SG,SF,PF","8.3","4.9","3.7","0.5","0.9",".423",".878","1.3","58","29.0","1.5"
"Frank Kaminsky","PHO","PF,C","8.3","3.4","1.4","0.2","0.3",".460",".711","0.9","64","17.2","0.8"
"Jordan Poole","GSW","SG","8.2","1.7","2.0","0.2","0.5",".386",".805","1.3","65","19.1","1.0"
"Furkan Korkmaz","PHI","SG","8.2","2.3","1.0","0.2","0.5",".421",".767","1.7","65","18.1","0.7"
"Allen Crabbe","MIN","SG,SF","8.2","3.0","1.1","0.3","0.5",".378",".791","1.8","62","23.1","0.8"
"Danny Green","PHI","SG,SF","8.2","3.4","1.3","0.5","1.0",".428",".750","1.9","68","25.3","0.9"
"DeAndre Jordan","BKN","C","8.2","9.3","1.7","0.9","0.3",".665",".655","0.0","65","22.2","1.3"
"Derrick Favors","UTH","PF,C","8.2","7.1","1.1","0.9","0.5",".622",".633","0.1","64","20.5","0.9"
"Marc Gasol","LAL","C","8.2","6.0","3.1","0.9","0.8",".439",".762","1.1","62","24.7","1.3"
"Marvin Williams","MIL","SF,PF","8.2","4.1","1.2","0.6","0.8",".437",".820","1.4","63","23.8","0.6"
"Trevor Ariza","OKC","SG,SF","8.1","4.4","1.9","0.2","1.1",".415",".830","1.6","64","25.0","1.1"
"Denzel Valentine","CHI","SG,SF","8.1","2.8","1.7","0.2","0.8",".418",".737","1.5","67","18.0","0.8"
"Jalen Brunson","DAL","PG,SG","8.1","2.1","3.1","0.1","0.4",".470",".776","0.8","65","17.9","1.1"
"Grayson Allen","MEM","SG","8.1","2.1","1.3","0.1","0.3",".432",".813","1.3","61","18.4","1.0"
"Jaxson Hayes","NOR","C","8.1","4.4","1.0","1.0","0.4",".653",".652","0.0","66","18.4","0.8"
"Sekou Doumbouya","DET","SF,PF","8.0","3.9","0.6","0.3","0.7",".403",".688","0.9","62","24.6","1.1"
"Rajon Rondo","ATL","PG","8.0","3.9","6.1","0.1","0.9",".418",".636","1.0","63","24.8","2.2"
"Dorian Finney-Smith","DAL","SF,PF","8.0","5.0","1.3","0.5","0.7",".462",".740","1.4","67","25.0","0.9"
"Damyean Dotson","CLE","SG","7.9","2.6","1.4","0.1","0.6",".417",".705","1.3","59","20.6","0.6"
"Enes Kanter","POR","C","7.9","7.2","1.0","0.5","0.4",".565",".738","0.1","58","16.3","1.0"
"Reggie Bullock","NYK","SG,SF","7.9","2.0","1.3","0.1","0.6",".422",".842","1.5","56","21.1","0.6"
"Boban Marjanovic","DAL","C","7.8","5.1","0.8","0.4","0.3",".594",".754","0.1","61","12.8","1.0"
"Tomas Satoransky","CHI","PG,SG","7.8","3.2","4.1","0.1","1.0",".449",".844","0.8","68","23.7","1.5"
"Chandler Hutchison","CHI","SG,SF","7.8","4.8","1.0","0.2","0.9",".454",".596","0.5","57","23.2","0.9"
"Marco Belinelli","SAS","SG,SF","7.8","2.1","1.4","0.1","0.3",".397",".864","1.4","63","18.5","0.6"
"Kent Bazemore","GSW","SG,SF","7.8","3.8","1.4","0.5","1.0",".395",".758","1.1","65","19.9","1.2"
"Lonnie Walker IV","SAS","SG,SF","7.7","2.9","1.3","0.3","0.8",".439",".735","0.8","61","18.0","0.8"
"Kelly Olynyk","MIA","PF,C","7.7","4.1","1.5","0.4","0.6",".480",".820","1.3","66","18.0","1.0"
"Patrick Beverley","LAC","PG,SG","7.7","4.9","3.5","0.5","1.0",".422",".711","1.5","63","25.8","1.2"
"Kyle Korver","MIL","SG,SF","7.7","2.2","1.2","0.2","0.4",".427",".841","1.9","58","18.3","0.8"
"Chandler Parsons","ATL","SF,PF","7.6","2.7","1.8","0.3","0.8",".397",".800","1.3","53","20.1","1.2"
"Justin Jackson","OKC","SF,PF","7.6","3.0","1.1","0.2","0.3",".424",".813","1.1","63","20.9","0.3"
"Jalen Smith","PHO","PF","7.6","4.2","0.6","0.7","0.4",".523",".731","0.5","68","20.0","1.0"
"Ersan Ilyasova","SAC","SF,PF","7.6","4.9","0.9","0.3","0.5",".457",".818","0.9","62","18.3","0.7"
"Brad Wanamaker","GSW","PG,SG","7.6","2.2","2.9","0.2","0.9",".441",".926","0.7","63","21.1","1.2"
"Austin Rivers","NYK","PG,SG","7.5","2.3","1.7","0.2","0.6",".419",".644","1.1","69","23.5","0.8"
"Damion Lee","GSW","SG","7.5","3.7","1.5","0.1","0.7",".414",".835","1.1","62","18.6","0.9"
"Aleksej Pokusevski","OKC","SF,PF","7.4","4.1","1.9","0.6","0.4",".446",".750","1.4","60","21.1","1.4"
"Dwight Howard","PHI","PF,C","7.4","7.0","0.7","1.0","0.4",".678",".491","0.0","68","18.7","1.2"
"Landry Shamet","BKN","PG,SG","7.4","2.0","1.7","0.1","0.4",".433",".837","1.7","67","21.3","0.7"
"Onyeka Okongwu","ATL","PF,C ","7.3","4.0","0.7","0.9","0.5",".548",".735","0.2","63","17.4","1.4"
"Alex Len","TOR","PF,C","7.3","6.1","0.9","0.6","0.4",".530",".651","0.4","59","15.3","0.9"
"Jake Layman","MIN","SF,PF","7.2","2.5","0.7","0.4","0.5",".478",".714","0.8","56","17.9","0.7"
"Darius Miller","OKC","SG,SF","7.2","1.4","1.3","0.2","0.4",".380",".791","1.8","69","19.0","0.6"
"Trey Lyles","SAS","PF,C","7.2","4.9","1.0","0.4","0.4",".445",".722","1.0","66","19.3","0.7"
"Frank Ntilikina","NYK","PG,SG","7.2","2.5","3.4","0.4","1.1",".392",".826","1.0","66","24.1","1.5"
"Aaron Holiday","IND","PG,SG","7.2","1.6","2.6","0.2","0.6",".407",".836","1.0","62","17.9","0.9"
"Zach Collins","POR","PF,C ","7.1","5.4","1.1","0.9","0.4",".489",".757","0.5","55","20.2","1.2"
"De'Anthony Melton","MEM","PG,SG","7.1","3.3","2.9","0.4","1.2",".409",".788","0.7","64","19.4","1.4"
"Talen Horton-Tucker","LAL","SF,SG","7.1","3.4","1.5","0.4","1.5",".466",".737","0.7","69","15.8","1.1"
"Tony Snell","ATL","SG,SF","7.1","2.0","1.6","0.3","0.5",".444",".905","1.5","65","24.3","0.4"
"Mario Hezonja","MEM","SG,SF,PF","7.0","3.7","1.2","0.2","0.8",".423",".784","0.7","62","19.0","1.1"
"Harry Giles III","POR","PF,C","7.0","4.2","1.3","0.4","0.5",".547",".723","0.0","63","15.4","1.0"
"Willy Hernangomez","NOR","C","7.0","5.1","1.0","0.3","0.3",".550",".657","0.2","62","13.0","1.1"
"Tyus Jones","MEM","PG","7.0","1.8","4.1","0.1","0.9",".442",".765","0.7","68","19.3","0.8"
"Al-Farouq Aminu","ORL","SF,PF","7.0","5.7","1.1","0.4","0.8",".398",".818","1.0","61","23.6","0.8"
"Ante Zizic","CLE","C","7.0","4.7","0.7","0.4","0.3",".569",".708","0.0","53","16.0","0.9"
"Cameron Payne","PHO","PG","7.0","1.0","2.7","0.1","0.8",".414",".833","0.8","65","19.0","0.9"
"Marquese Chriss","GSW","PF,C","7.0","4.8","1.2","0.8","0.5",".519",".726","0.2","60","16.5","1.0"
"Nerlens Noel","NYK","PF,C","6.9","5.2","0.9","1.5","1.0",".606",".726","0.0","64","19.4","1.1"
"Kris Dunn","ATL","PG,SG,SF ","6.8","2.9","3.4","0.3","1.1",".447",".760","0.5","62","20.2","1.4"
"Matisse Thybulle","PHI","SG,SF","6.8","2.1","1.4","0.8","1.5",".426",".643","1.1","65","23.2","0.9"
"P.J. Tucker","HOU","PF,C,SF","6.8","6.3","1.4","0.4","1.2",".411",".750","1.5","69","34.1","0.9"
"Robin Lopez","WAS","C","6.7","2.9","0.8","0.7","0.2",".531",".661","0.3","65","17.5","1.0"
"Michael Carter-Williams","ORL","PG,SG","6.7","3.2","2.6","0.5","1.1",".411",".828","0.4","56","17.6","1.2"
"Frank Jackson","OKC","PG","6.6","1.7","0.9","0.1","0.3",".412",".769","0.8","62","15.3","0.8"
"Michael Kidd-Gilchrist","NYK","SF","6.5","3.8","0.9","0.5","0.5",".462",".742","0.2","50","19.2","0.7"
"Jahlil Okafor","DET","C","6.5","3.6","0.7","0.6","0.2",".591",".654","0.0","62","13.4","0.8"
"Garrett Temple","CHI","PG,SG,SF","6.5","3.1","1.7","0.4","0.6",".391",".755","1.2","63","20.5","0.7"
"Shaquille Harrison","UTH","PG,SG","6.5","2.8","1.8","0.4","1.1",".450",".717","0.4","59","17.3","0.7"
"John Henson","DET","PF,C","6.5","5.0","1.4","1.1","0.6",".553",".532","0.2","55","18.2","1.0"
"DeAndre' Bembry","TOR","SF,PF,SG","6.4","3.7","1.9","0.4","1.2",".452",".603","0.5","65","20.4","1.3"
"Alen Smailagic","GSW","PF ","6.4","3.0","1.4","0.4","0.3",".469",".844","0.4","56","15.5","1.2"
"Kyle Anderson","MEM","SF,PF","6.4","5.0","2.3","0.6","0.9",".491",".648","0.4","67","23.0","1.1"
"JaVale McGee","CLE","C","6.4","5.2","0.5","1.2","0.4",".621",".652","0.0","66","15.8","0.9"
"Dwayne Bacon","ORL","SG","6.4","2.6","1.3","0.1","0.5",".391",".688","0.6","59","18.8","0.8"
"Courtney Lee","DAL","SG,SF","6.4","1.8","1.2","0.2","0.7",".452",".844","0.9","52","17.6","0.6"
"Royce O'Neale","UTH","SF","6.4","4.8","2.0","0.4","0.8",".437",".767","1.2","69","27.5","0.9"
"Maurice Harkless","MIA","SF,PF","6.4","3.9","1.1","0.7","1.0",".493",".625","0.6","62","22.9","0.8"
"Ky Bowman","LAC","PG","6.3","2.2","2.4","0.2","0.8",".418",".837","0.7","55","18.7","1.3"
"Wilson Chandler","BKN","SF,PF","6.3","4.1","1.4","0.4","0.5",".423",".750","1.0","57","22.1","0.9"
"Timothe Luwawu-Cabarrot","BKN","SG,SF","6.3","2.3","0.7","0.2","0.4",".392",".800","1.0","60","17.6","0.8"
"James Ennis III","ORL","SG,SF ","6.3","3.1","0.8","0.3","0.6",".442",".785","0.8","67","20.1","0.7"
"Mike Scott","PHI","SF,PF","6.3","3.5","0.8","0.1","0.3",".430",".750","1.2","67","17.8","0.6"
"Mohamed Bamba","ORL","C","6.3","5.4","0.8","1.5","0.4",".465",".633","0.7","65","16.7","0.9"
"JaMychal Green","DEN","PF,C","6.3","5.1","0.6","0.3","0.4",".458",".766","1.0","67","17.8","0.8"
"Kadeem Allen","NYK","SG ","6.2","1.6","2.6","0.2","0.6",".441",".748","0.5","56","14.8","1.0"
"Juancho Hernangomez","MIN","SF,PF,C","6.2","4.0","0.8","0.3","0.5",".416",".694","1.0","64","19.8","0.7"
"Bol Bol","DEN","PF,C","6.2","2.7","0.6","1.3","0.6",".476",".832","0.6","69","12.2","1.2"
"Jordan McLaughlin","MIN","PG","6.2","1.4","3.4","0.1","1.0",".481",".690","0.8","63","17.2","0.9"
"Noah Vonleh","CHI","PF,C","6.2","6.0","1.3","0.5","0.5",".490",".721","0.4","54","18.6","0.9"
"Yogi Ferrell","UTH","PG,SG","6.1","1.7","1.8","0.1","0.5",".419",".855","0.8","64","16.1","0.6"
"Willie Cauley-Stein","DAL","PF,C","6.1","5.0","1.1","0.7","0.6",".587",".589","0.0","57","15.8","0.6"
"Keita Bates-Diop","SAS","SF,PF","6.1","2.8","0.7","0.5","0.5",".424",".697","0.7","53","16.9","0.4"
"Skal Labissiere","ATL","PF,C","6.1","4.4","1.1","0.8","0.3",".505",".757","0.2","54","16.3","0.9"
"Ryan Arcidiacono","CHI","PG","6.1","2.5","2.7","0.1","0.7",".430",".800","1.1","61","22.2","0.8"
"Dante Exum","CLE","PG,SG","6.1","2.3","1.7","0.3","0.5",".458",".745","0.6","44","17.4","1.2"
"Evan Turner","MIN","SG,SF","6.0","3.3","2.8","0.3","0.5",".442",".770","0.2","56","19.8","1.4"
"Cory Joseph","SAC","PG,SG","5.9","2.5","3.1","0.2","0.8",".441",".800","0.6","69","22.3","0.9"
"Troy Daniels","DEN","PG,SG","5.9","1.3","0.5","0.1","0.3",".401",".794","1.4","57","14.5","0.4"
"Omari Spellman","NYK","PF,C","5.9","3.7","0.8","0.4","0.5",".447",".774","0.7","62","15.7","0.8"
"Quinn Cook","LAL","PG","5.9","1.6","1.3","0.0","0.3",".454",".708","0.9","58","12.6","0.7"
"Ian Mahinmi","WAS","C","5.9","4.8","1.0","0.8","0.7",".504",".648","0.1","64","17.9","1.1"
"Nicolas Claxton","BKN","C,PF ","5.9","3.8","1.4","0.7","0.1",".570",".545","0.1","57","16.4","0.8"
"Stanley Johnson","TOR","SG,SF","5.9","2.8","1.2","0.2","0.8",".376",".785","0.7","58","17.0","1.0"
"Rodions Kurucs","BKN","SF,PF","5.8","2.9","0.8","0.3","0.5",".463",".727","0.7","42","15.0","0.9"
"David Nwaba","HOU","SG,SF","5.8","3.0","0.9","0.4","0.6",".491",".667","0.4","53","16.6","0.6"
"Alex Caruso","LAL","SG","5.8","2.5","2.2","0.3","1.2",".430",".760","0.7","66","20.5","1.1"
"Luke Kornet","CHI","PF,C","5.8","2.2","0.9","0.7","0.4",".403",".771","1.1","34","14.7","0.4"
"Brandon Goodwin","ATL","PG","5.8","1.9","1.5","0.1","0.3",".397",".932","0.7","37","12.1","0.8"
"Jakob Poeltl","SAS","C","5.8","5.1","1.4","1.2","0.5",".628",".494","0.0","68","17.6","0.8"
"Kelan Martin","IND","SG,SF,PF","5.7","2.8","0.7","0.3","0.2",".404",".857","0.8","58","14.4","0.6"
"Frank Mason III","MIL","PG","5.7","1.6","2.4","0.1","0.5",".390",".744","0.4","50","13.6","1.0"
"Pat Connaughton","MIL","SG,SF","5.7","3.9","1.5","0.4","0.4",".448",".775","0.8","65","18.7","0.7"
"Thon Maker","CLE","PF,C","5.7","3.5","0.8","0.8","0.5",".441",".673","0.6","62","17.2","0.8"
"T.J. McConnell","IND","PG","5.7","2.6","4.2","0.2","0.8",".512",".800","0.1","67","17.7","1.4"
"Jalen McDaniels","CHA","PF","5.6","4.4","0.8","0.2","0.6",".466",".792","0.5","34","19.0","0.6"
"Cody Martin","CHA","G","5.6","3.6","2.2","0.2","0.9",".431",".639","0.5","59","20.7","1.0"
"Kevon Looney","GSW","PF,C","5.6","4.6","1.4","0.5","0.8",".528",".689","0.0","48","16.7","0.7"
"Mike Muscala","OKC","PF,C","5.5","2.9","0.7","0.3","0.3",".430",".833","1.1","63","14.1","0.5"
"Nassir Little","POR","SF","5.4","3.2","0.7","0.4","0.4",".450",".680","0.5","63","17.3","0.5"
"Sterling Brown","HOU","SG,SF","5.4","2.9","1.2","0.2","0.5",".425",".780","0.8","61","16.3","0.8"
"Meyers Leonard","MIA","PF,C","5.4","5.0","0.8","0.3","0.2",".536",".674","0.9","58","15.9","0.7"
"Isaiah Stewart","DET","PF,C","5.4","3.8","0.6","0.7","0.4",".520",".757","0.1","65","16.7","1.0"
"Jerome Robinson","WAS","SG","5.3","2.4","1.4","0.3","0.5",".404",".694","0.8","61","16.9","0.8"
"Cheick Diallo","PHO","PF,C","5.3","3.9","0.5","0.4","0.3",".627",".807","0.0","59","12.0","0.7"
"Hamidou Diallo","OKC","SG","5.3","2.7","0.5","0.2","0.6",".460",".663","0.2","56","15.0","0.8"
"Caleb Martin","CHA","G","5.3","2.3","1.2","0.4","0.4",".434",".659","0.8","36","18.3","1.0"
"Gorgui Dieng","MEM","PF,C","5.3","4.7","0.9","0.6","0.6",".477",".767","0.4","47","12.9","0.8"
"Torrey Craig","MIL","SG,SF","5.3","3.3","0.8","0.6","0.4",".456",".674","0.7","57","18.4","0.5"
"Alfonzo McKinnie","LAL","SF,PF","5.2","3.5","0.4","0.2","0.5",".457",".620","0.5","62","16.1","0.6"
"Justin Anderson","PHI","SF","5.2","2.3","0.6","0.3","0.5",".404",".727","0.7","59","13.0","0.5"
"Georges Niang","UTH","SF,PF","5.2","1.7","0.6","0.1","0.2",".459",".853","1.1","64","11.7","0.4"
"Anthony Tolliver","MEM","SF,PF","5.1","2.9","0.8","0.3","0.3",".397",".750","1.2","63","17.3","0.6"
"Solomon Hill","ATL","SG,SF","5.1","3.0","1.7","0.2","0.6",".399",".714","1.0","58","18.9","0.8"
"Terrance Ferguson","PHI","SG,SF","5.1","1.5","0.8","0.3","0.5",".404",".773","1.1","65","22.7","0.5"
"Jordan Bell","WAS","PF,C","5.1","4.2","1.5","0.9","0.4",".545",".627","0.1","59","16.1","1.0"
"Tim Frazier","DET","PG,SG","5.0","2.4","4.4","0.1","0.6",".412",".778","0.6","55","18.4","1.5"
"P.J. Dozier","DEN","PG,SG","5.0","2.0","1.6","0.3","0.4",".397",".614","0.4","44","13.5","0.6"
"Rodney McGruder","DET","SG,SF","5.0","2.9","1.1","0.2","0.5",".404",".632","0.8","59","18.4","0.6"
"Jevon Carter","PHO","PG","5.0","1.7","1.3","0.2","0.7",".399",".844","1.0","61","15.1","0.6"
"Wesley Iwundu","DAL","SG,SF","4.9","2.5","1.0","0.3","0.5",".409",".798","0.4","60","17.8","0.5"
"Bruce Brown Jr.","BKN","SG","4.9","5.1","2.0","0.4","0.6",".434",".741","0.5","49","14.9","0.8"
"Abdel Nader","PHO","SF,PF","4.9","1.8","0.6","0.3","0.4",".432",".757","0.7","60","13.5","0.6"
"Elie Okobo","BKN","PG","4.9","1.8","2.3","0.1","0.5",".399",".701","0.6","62","15.6","1.0"
"Bismack Biyombo","CHA","PF,C","4.8","4.2","0.7","0.7","0.1",".551",".619","0.0","66","14.5","0.7"
"Kenrich Williams","OKC","SF,PF","4.8","4.7","1.6","0.5","0.8",".394",".522","0.8","59","21.6","0.6"
"Theo Pinson","NYK","SF,SG","4.8","1.7","1.6","0.1","0.5",".391",".871","0.6","59","11.3","1.0"
"Bruno Caboclo","HOU","SF,PF","4.8","3.0","0.8","0.7","0.4",".420",".840","0.6","54","14.1","0.6"
"JaKarr Sampson","IND","SG,SF,PF","4.8","2.5","0.4","0.4","0.4",".568",".676","0.1","63","13.4","0.4"
"Gary Payton II","WAS","SG,PG","4.7","3.0","1.9","0.3","1.2",".422",".458","0.5","54","16.6","0.7"
"Robert Williams III","BOS","PF,C","4.7","4.2","0.8","1.3","0.7",".713",".630","0.0","47","14.3","0.7"
"Tacko Fall","BOS","C","4.7","3.0","0.2","0.6","0.2",".714",".465","0.0","53","8.3","0.7"
"Grant Williams","BOS","PF","4.7","3.4","1.3","0.7","0.6",".419",".722","0.5","67","20.2","1.0"
"Dzanan Musa","DET","SF,PF","4.6","2.2","1.0","0.0","0.4",".358",".750","0.5","57","12.5","0.9"
"Raul Neto","WAS","PG","4.6","1.3","1.9","0.1","0.4",".452",".810","0.6","54","12.1","0.9"
"Treveon Graham","MIL","SG,SF","4.6","2.6","0.9","0.1","0.4",".362",".706","0.7","51","17.7","0.5"
"Dragan Bender","GSW","PF,C,SF","4.6","3.4","1.2","0.5","0.3",".413",".628","0.7","57","16.3","0.9"
"Marko Guduric","MEM","SG","4.5","1.9","1.2","0.2","0.3",".406",".875","0.7","59","12.4","0.9"
"Isaac Bonga","WAS","SF,PF","4.5","3.4","1.1","0.4","0.7",".472",".800","0.4","64","17.4","0.8"
"Andre Iguodala","MIA","SG,SF","4.4","3.0","2.2","0.6","0.6",".482",".523","0.6","63","18.5","0.7"
"Matthew Dellavedova","CLE","PG,SG","4.2","1.5","3.6","0.0","0.4",".372",".854","0.6","60","16.5","1.2"
"Patrick Patterson","LAC","PF,C","4.2","2.4","0.6","0.2","0.3",".390",".756","0.9","64","13.4","0.4"
"Daniel Gafford","CHI","C,PF","4.2","2.3","0.5","1.1","0.3",".577",".536","0.0","59","13.9","0.6"
"Tremont Waters","BOS","PG","4.1","1.1","1.5","0.2","0.6",".354","1.016","0.4","31","11.1","1.2"
"Patrick McCaw","TOR","SG,SF ","4.1","1.9","1.7","0.1","0.9",".417",".760","0.5","63","20.3","0.7"
"Carsen Edwards","BOS","PG","4.1","1.6","0.8","0.1","0.4",".330",".857","0.8","49","12.0","0.6"
"Edmond Sumner","IND","PG,SG","4.0","1.3","1.2","0.3","0.6",".404",".652","0.4","56","12.1","0.6"
"Chris Chiozza","BKN","PG","4.0","1.9","2.4","0.1","0.8",".405","1.000","0.8","48","12.7","0.9"
"Damian Jones","PHO","C","4.0","2.6","0.6","0.5","0.3",".694",".719","0.0","57","12.5","0.4"
"D.J. Wilson","MIL","PF","4.0","2.9","0.8","0.3","0.2",".409",".592","0.6","43","12.2","0.5"
"Bruno Fernando","ATL","C","4.0","3.3","0.8","0.3","0.3",".542",".586","0.1","62","11.7","0.7"
"Semi Ojeleye","BOS","SF,PF","3.9","2.4","0.6","0.1","0.3",".406",".732","0.7","62","17.2","0.3"
"Henry Ellenson","TOR","PF","3.9","2.4","0.6","0.0","0.2",".371",".795","0.5","56","9.1","0.4"
"Ed Davis","MIN","PF,C","3.8","5.8","0.5","0.4","0.4",".592",".609","0.0","66","13.9","0.6"
"Khem Birch","ORL","PF,C","3.7","3.5","0.7","0.4","0.3",".558",".673","0.0","65","14.4","0.4"
"Tyler Zeller","SAS","PF,C","3.6","1.8","0.3","0.3","0.1",".477",".720","0.0","25","5.7","0.3"
"Reggie Perry","BKN","PF,C","3.5","1.9","0.5","0.3","0.2",".509",".689","0.3","25","2.9","0.5"
"Thabo Sefolosha","HOU","SG,SF","3.5","2.6","0.6","0.2","0.8",".454",".688","0.5","56","12.5","0.5"
"Wenyen Gabriel","NOR","PF,SF","3.5","2.6","0.5","0.3","0.6",".450",".739","0.4","63","11.9","0.9"
"TJ Leaf","OKC","PF,C","3.5","2.3","0.3","0.2","0.2",".490",".580","0.2","63","8.3","0.2"
"Tony Bradley","PHI","C","3.5","3.3","0.3","0.5","0.2",".625",".658","0.0","69","8.3","0.4"
"Javonte Green","BOS","PG,SG","3.4","2.1","0.6","0.2","0.6",".506",".631","0.2","37","10.7","0.5"
"Romeo Langford","BOS","SG ","3.3","1.4","0.3","0.3","0.4",".407",".695","0.2","44","13.4","0.4"
"Goga Bitadze","IND","C ","3.3","2.0","0.4","0.7","0.2",".466",".733","0.2","66","9.1","0.5"
"Kyle O'Quinn","PHI","PF,C","3.2","3.1","1.2","0.6","0.2",".551",".704","0.1","41","8.8","0.7"
"Cristiano Felicio","CHI","C","3.2","3.2","0.6","0.1","0.3",".599",".711","0.0","41","11.9","0.5"
"Vincent Poirier","PHI","C","3.2","3.2","0.6","0.6","0.1",".490",".831","0.0","37","9.6","0.6"
"Caleb Swanigan","POR","PF,C","3.2","4.3","1.2","0.2","0.2",".482",".571","0.0","61","12.7","1.5"
"Gary Clark","ORL","SF,PF","3.1","2.4","0.4","0.5","0.2",".363",".938","0.8","57","12.4","0.1"
"Anzejs Pasecniks","WAS","C","3.1","1.9","0.3","0.3","0.3",".551",".582","0.0","25","8.6","0.5"
"Jared Dudley","LAL","SF,PF","2.9","1.8","1.0","0.2","0.4",".407",".690","0.6","46","13.7","0.4"
"Derrick Walton Jr.","PHI","PG","2.9","1.0","1.5","0.1","0.4",".420",".865","0.6","54","13.6","0.3"
"Drew Eubanks","SAS","PF,C","2.6","1.9","0.4","0.4","0.1",".629",".786","0.0","69","6.5","0.5"
"Isaiah Hartenstein","DEN","PF","2.4","1.9","0.5","0.3","0.2",".598",".734","0.0","69","7.3","0.4"
"Chris Silva","MIA","SG,PF","2.4","2.3","0.5","0.5","0.2",".588",".698","0.0","40","6.5","0.6"
"Johnathan Motley","PHO","SF,PF","2.4","1.1","0.3","0.0","0.3",".794",".626","0.0","25","3.4","0.4"
"Udoka Azubuike","UTH","C","2.3","1.5","0.2","0.3","0.1",".602",".680","0.1","69","9.4","0.3"
"Nathan Knight","ATL","PF,C","2.0","1.8","0.3","0.3","0.2",".654",".670","0.0","25","2.9","0.3"
"Jon Teske","ORL","C","2.0","1.7","0.3","0.3","0.2",".642",".672","0.0","25","2.9","0.3"
"Daniel Oturu","LAC","C","2.0","1.8","0.3","0.3","0.1",".714",".670","0.0","25","2.9","0.3"
"Moses Brown","OKC","C","1.4","1.5","0.3","0.3","0.1",".509",".516","0.0","25","2.9","0.3"
"Udonis Haslem","MIA","PF","1.4","2.1","0.3","0.0","0.0",".284",".755","0.0","25","5.7","0.3"
"Tyson Chandler","HOU","C","1.3","2.7","0.3","0.3","0.3",".803",".567","0.0","25","8.6","0.4"
"Nick Richards","CHA","C","1.2","0.6","0.1","0.1","0.0",".445",".700","0.0","69","6.3","0.1"
"Justin Patton","MIL","C","1.1","1.2","0.3","0.2","0.2",".406",".648","0.0","25","2.9","0.3"
"Will Magnay","NOR","F","0.1","0.1","0.0","0.0","0.0",".600",".714","0.0","25","2.9","0.0"
"Facundo Campazzo","DEN","PG","0.0","0.0","0.0","0.0","0.0",".000",".000","0.0","0","0.0","0.0"
"Chuma Okeke","ORL","PF","0.0","0.0","0.0","0.0","0.0",".000",".000","0.0","0","0.0","0.0"
""
""